{"cameraMode":{"drawMode":0,"name":"Shaded","section":"Shading Mode"},"sceneLighting":false,"audioPlay":false,"sceneViewState":{"m_AlwaysRefresh":false,"showFog":true,"showSkybox":false,"showFlares":true,"showImageEffects":true,"showParticleSystems":true,"showVisualEffectGraphs":true,"m_FxEnabled":true},"in2DMode":false,"pivot":{"x":1.862645149230957e-8,"y":0.01014410238713026,"z":0.00337943434715271},"rotation":{"x":0.4556335508823395,"y":0.35888713598251345,"z":-0.20758497714996339,"w":0.7877252101898193},"size":0.17282727360725404,"orthographic":false}